ts_utc	mem_usage	mem_limit	cpu	restarts
2026-09-29T23:46:43Z	2.613MiB	512MiB	1.92%	123
2026-09-29T23:46:46Z	2.621MiB	2GiB	0.02%	123
2026-09-29T23:46:49Z	2.625MiB	2GiB	0.00%	123
2026-09-29T23:46:52Z	2.625MiB	2GiB	0.05%	123
2026-09-29T23:46:55Z	2.621MiB	2GiB	0.01%	123
2026-09-29T23:46:58Z	898.5MiB	2GiB	113.00%	123
2026-09-29T23:47:01Z	344.7MiB	2GiB	131.95%	124
2026-09-29T23:47:04Z	707.4MiB	2GiB	71.86%	124
2026-09-29T23:47:08Z	689.2MiB	2GiB	134.21%	125
2026-09-29T23:47:11Z	577.2MiB	2GiB	126.09%	125
2026-09-29T23:47:14Z	624.1MiB	2GiB	65.65%	125
2026-09-29T23:47:17Z	1010MiB	2GiB	71.83%	125
2026-09-29T23:47:20Z	798.3MiB	2GiB	84.50%	125
2026-09-29T23:47:23Z	464.8MiB	2GiB	141.32%	126
2026-09-29T23:47:26Z	796MiB	2GiB	52.07%	126
2026-09-29T23:47:29Z	343.7MiB	2GiB	118.51%	127
2026-09-29T23:47:32Z	744.1MiB	2GiB	78.15%	127
2026-09-29T23:47:35Z	562.7MiB	2GiB	142.60%	128
2026-09-29T23:47:38Z	611.6MiB	2GiB	117.64%	128
2026-09-29T23:47:41Z	752.1MiB	2GiB	75.09%	128
2026-09-29T23:47:44Z	805.1MiB	2GiB	65.54%	128
2026-09-29T23:47:47Z	759.6MiB	2GiB	48.42%	128
2026-09-29T23:47:51Z	594.7MiB	2GiB	139.48%	129
2026-09-29T23:47:54Z	538.4MiB	2GiB	89.06%	129
2026-09-29T23:47:57Z	947.4MiB	2GiB	73.25%	129
2026-09-29T23:48:00Z	502.6MiB	2GiB	147.96%	130
2026-09-29T23:48:03Z	785.1MiB	2GiB	66.42%	130
2026-09-29T23:48:06Z	505.2MiB	2GiB	135.67%	131
2026-09-29T23:48:09Z	755.6MiB	2GiB	57.39%	131
2026-09-29T23:48:12Z	384.8MiB	2GiB	126.04%	132
2026-09-29T23:48:15Z	805MiB	2GiB	61.40%	132
2026-09-29T23:48:17Z	0B	0B	0.00%	133
2026-09-29T23:48:20Z	795.4MiB	2GiB	127.83%	133
2026-09-29T23:48:23Z	695MiB	2GiB	97.80%	133
2026-09-29T23:48:27Z	0B	0B	0.00%	134
2026-09-29T23:48:30Z	395.3MiB	2GiB	132.34%	134
2026-09-29T23:48:33Z	876.4MiB	2GiB	79.51%	134
2026-09-29T23:48:35Z	0B	0B	0.00%	135
2026-09-29T23:48:37Z	0B	0B	0.00%	135
2026-09-29T23:48:39Z	0B	0B	0.00%	135
2026-09-29T23:48:42Z	911.2MiB	2GiB	132.67%	135
2026-09-29T23:48:45Z	674.4MiB	2GiB	109.08%	135
2026-09-29T23:48:48Z	537.4MiB	2GiB	133.52%	135
2026-09-29T23:48:52Z	0B	0B	0.00%	136
2026-09-29T23:48:55Z	829.7MiB	2GiB	78.02%	136
2026-09-29T23:48:58Z	0B	0B	0.00%	137
2026-09-29T23:49:01Z	869.8MiB	2GiB	105.02%	137
2026-09-29T23:49:04Z	572.7MiB	2GiB	146.55%	137
2026-09-29T23:49:07Z	580.2MiB	2GiB	93.15%	137
2026-09-29T23:49:11Z	663.9MiB	2GiB	58.76%	137
2026-09-29T23:49:14Z	758.7MiB	2GiB	57.62%	137
2026-09-29T23:49:16Z	0B	0B	0.00%	138
2026-09-29T23:49:19Z	938.3MiB	2GiB	90.61%	138
2026-09-29T23:49:22Z	0B	0B	0.00%	139
2026-09-29T23:49:25Z	880.4MiB	2GiB	115.39%	139
2026-09-29T23:49:29Z	0B	0B	0.00%	140
2026-09-29T23:49:32Z	887.9MiB	2GiB	102.07%	140
2026-09-29T23:49:34Z	0B	0B	0.00%	141
2026-09-29T23:49:37Z	561.6MiB	2GiB	135.98%	141
2026-09-29T23:49:40Z	741.8MiB	2GiB	83.86%	141
2026-09-29T23:49:43Z	519.8MiB	2GiB	118.76%	141
2026-09-29T23:49:46Z	893.6MiB	2GiB	36.31%	141
2026-09-29T23:49:49Z	669.1MiB	2GiB	115.68%	141
2026-09-29T23:49:54Z	0B	0B	0.00%	142
2026-09-29T23:49:57Z	848MiB	2GiB	103.84%	142
2026-09-29T23:50:00Z	530.2MiB	2GiB	94.66%	142
2026-09-29T23:50:03Z	795.5MiB	2GiB	77.04%	142
2026-09-29T23:50:06Z	0B	0B	0.00%	143
2026-09-29T23:50:09Z	911.2MiB	2GiB	108.97%	143
2026-09-29T23:50:12Z	637.1MiB	2GiB	97.17%	143
2026-09-29T23:50:15Z	771.6MiB	2GiB	19.20%	143
2026-09-29T23:50:20Z	0B	0B	0.00%	144
2026-09-29T23:50:23Z	784.5MiB	2GiB	64.33%	144
2026-09-29T23:50:26Z	566.8MiB	2GiB	102.43%	144
2026-09-29T23:50:30Z	0B	0B	0.00%	145
2026-09-29T23:50:33Z	904.3MiB	2GiB	115.09%	145
2026-09-29T23:50:36Z	763.2MiB	2GiB	19.37%	145
2026-09-29T23:50:39Z	0B	0B	0.00%	146
2026-09-29T23:50:42Z	777.4MiB	2GiB	78.20%	146
2026-09-29T23:50:45Z	550.8MiB	2GiB	98.77%	146
2026-09-29T23:50:48Z	780.2MiB	2GiB	89.84%	146
2026-09-29T23:50:58Z	0B	0B	0.00%	147
2026-09-29T23:51:01Z	885.6MiB	2GiB	106.54%	147
2026-09-29T23:51:05Z	0B	0B	0.00%	148
2026-09-29T23:51:08Z	876.4MiB	2GiB	90.13%	148
2026-09-29T23:51:11Z	144.2MiB	2GiB	0.00%	149
2026-09-29T23:51:14Z	824.5MiB	2GiB	72.46%	149
2026-09-29T23:51:17Z	278.5MiB	2GiB	129.76%	150
2026-09-29T23:51:20Z	899.8MiB	2GiB	68.17%	150
2026-09-29T23:51:22Z	0B	0B	0.00%	151
2026-09-29T23:51:25Z	439.4MiB	2GiB	119.01%	151
2026-09-29T23:51:36Z	0B	0B	0.00%	152
2026-09-29T23:51:39Z	837.3MiB	2GiB	96.24%	152
2026-09-29T23:51:42Z	550MiB	2GiB	117.21%	152
2026-09-29T23:51:45Z	829.4MiB	2GiB	45.07%	152
2026-09-29T23:51:50Z	0B	0B	0.00%	153
2026-09-29T23:51:53Z	972.6MiB	2GiB	87.38%	153
2026-09-29T23:51:55Z	0B	0B	0.00%	154
2026-09-29T23:51:58Z	806.5MiB	2GiB	109.94%	154
2026-09-29T23:52:01Z	557.5MiB	2GiB	122.52%	154
2026-09-29T23:52:04Z	804.9MiB	2GiB	55.07%	154
2026-09-29T23:52:11Z	0B	0B	0.00%	155
2026-09-29T23:52:14Z	837.9MiB	2GiB	112.02%	155
2026-09-29T23:52:17Z	621.5MiB	2GiB	117.52%	155
2026-09-29T23:52:20Z	909.1MiB	2GiB	59.69%	155
2026-09-29T23:52:32Z	413.5MiB	2GiB	146.27%	156
2026-09-29T23:52:35Z	797.7MiB	2GiB	58.02%	156
2026-09-29T23:52:38Z	414.1MiB	2GiB	113.60%	157
2026-09-29T23:52:52Z	0B	0B	0.00%	158
2026-09-29T23:52:55Z	972.7MiB	2GiB	70.20%	158
2026-09-29T23:52:58Z	596.2MiB	2GiB	136.68%	158
2026-09-29T23:53:04Z	0B	0B	0.00%	159
2026-09-29T23:53:07Z	796.2MiB	2GiB	77.93%	159
2026-09-29T23:53:10Z	0B	0B	0.00%	160
2026-09-29T23:53:13Z	903.6MiB	2GiB	93.42%	160
2026-09-29T23:53:16Z	0B	0B	0.00%	161
2026-09-29T23:53:19Z	965.6MiB	2GiB	119.14%	161
2026-09-29T23:53:23Z	0B	0B	0.00%	162
2026-09-29T23:53:26Z	1012MiB	2GiB	99.25%	162
2026-09-29T23:53:28Z	0B	0B	0.00%	163
2026-09-29T23:53:31Z	413.4MiB	2GiB	139.57%	163
2026-09-29T23:53:34Z	805.9MiB	2GiB	59.27%	163
2026-09-29T23:53:37Z	974.7MiB	2GiB	83.84%	163
2026-09-29T23:53:48Z	0B	0B	0.00%	164
2026-09-29T23:53:51Z	888.2MiB	2GiB	104.45%	164
2026-09-29T23:53:54Z	0B	0B	0.00%	165
2026-09-29T23:53:56Z	0B	0B	0.00%	165
2026-09-29T23:53:58Z	0B	0B	0.00%	165
2026-09-29T23:54:02Z	289.3MiB	2GiB	125.34%	165
2026-09-29T23:54:05Z	843.6MiB	2GiB	66.53%	165
2026-09-29T23:54:07Z	0B	0B	0.00%	166
2026-09-29T23:54:10Z	0B	0B	0.00%	166
2026-09-29T23:54:12Z	0B	0B	0.00%	166
2026-09-29T23:54:14Z	0B	0B	0.00%	166
2026-09-29T23:54:16Z	0B	0B	0.00%	166
2026-09-29T23:54:18Z	0B	0B	0.00%	166
2026-09-29T23:54:21Z	356.2MiB	2GiB	118.58%	166
2026-09-29T23:54:24Z	542.5MiB	2GiB	67.94%	166
2026-09-29T23:54:26Z	0B	0B	0.00%	167
2026-09-29T23:54:28Z	0B	0B	0.00%	167
2026-09-29T23:54:30Z	0B	0B	0.00%	167
2026-09-29T23:54:32Z	0B	0B	0.00%	167
2026-09-29T23:54:34Z	0B	0B	0.00%	167
2026-09-29T23:54:36Z	0B	0B	0.00%	167
2026-09-29T23:54:38Z	0B	0B	0.00%	167
2026-09-29T23:54:40Z	0B	0B	0.00%	167
2026-09-29T23:54:43Z	0B	0B	0.00%	167
2026-09-29T23:54:45Z	0B	0B	0.00%	167
2026-09-29T23:54:47Z	0B	0B	0.00%	167
2026-09-29T23:54:49Z	0B	0B	0.00%	167
2026-09-29T23:54:52Z	458.8MiB	2GiB	117.84%	167
2026-09-29T23:54:55Z	0B	0B	0.00%	168
2026-09-29T23:54:57Z	0B	0B	0.00%	168
2026-09-29T23:54:59Z	0B	0B	0.00%	168
2026-09-29T23:55:01Z	0B	0B	0.00%	168
2026-09-29T23:55:03Z	0B	0B	0.00%	168
2026-09-29T23:55:05Z	0B	0B	0.00%	168
2026-09-29T23:55:07Z	0B	0B	0.00%	168
2026-09-29T23:55:09Z	0B	0B	0.00%	168
2026-09-29T23:55:11Z	0B	0B	0.00%	168
2026-09-29T23:55:13Z	0B	0B	0.00%	168
2026-09-29T23:55:15Z	0B	0B	0.00%	168
2026-09-29T23:55:18Z	0B	0B	0.00%	168
2026-09-29T23:55:20Z	0B	0B	0.00%	168
2026-09-29T23:55:22Z	0B	0B	0.00%	168
2026-09-29T23:55:24Z	0B	0B	0.00%	168
2026-09-29T23:55:26Z	0B	0B	0.00%	168
2026-09-29T23:55:28Z	0B	0B	0.00%	168
2026-09-29T23:55:30Z	0B	0B	0.00%	168
2026-09-29T23:55:32Z	0B	0B	0.00%	168
2026-09-29T23:55:34Z	0B	0B	0.00%	168
2026-09-29T23:55:36Z	0B	0B	0.00%	168
2026-09-29T23:55:38Z	0B	0B	0.00%	168
2026-09-29T23:55:40Z	0B	0B	0.00%	168
2026-09-29T23:55:42Z	0B	0B	0.00%	168
2026-09-29T23:55:44Z	0B	0B	0.00%	168
2026-09-29T23:55:47Z	464.7MiB	2GiB	132.42%	168
2026-09-29T23:55:51Z	0B	0B	0.00%	169
2026-09-29T23:55:53Z	0B	0B	0.00%	169
2026-09-29T23:55:55Z	0B	0B	0.00%	169
2026-09-29T23:55:57Z	0B	0B	0.00%	169
2026-09-29T23:55:59Z	0B	0B	0.00%	169
2026-09-29T23:56:01Z	0B	0B	0.00%	169
2026-09-29T23:56:03Z	0B	0B	0.00%	169
2026-09-29T23:56:05Z	0B	0B	0.00%	169
2026-09-29T23:56:07Z	0B	0B	0.00%	169
2026-09-29T23:56:09Z	0B	0B	0.00%	169
2026-09-29T23:56:11Z	0B	0B	0.00%	169
2026-09-29T23:56:13Z	0B	0B	0.00%	169
2026-09-29T23:56:15Z	0B	0B	0.00%	169
2026-09-29T23:56:17Z	0B	0B	0.00%	169
2026-09-29T23:56:19Z	0B	0B	0.00%	169
2026-09-29T23:56:21Z	0B	0B	0.00%	169
2026-09-29T23:56:23Z	0B	0B	0.00%	169
2026-09-29T23:56:25Z	0B	0B	0.00%	169
2026-09-29T23:56:28Z	0B	0B	0.00%	169
2026-09-29T23:56:30Z	0B	0B	0.00%	169
2026-09-29T23:56:32Z	0B	0B	0.00%	169
2026-09-29T23:56:34Z	0B	0B	0.00%	169
2026-09-29T23:56:36Z	0B	0B	0.00%	169
2026-09-29T23:56:38Z	0B	0B	0.00%	169
2026-09-29T23:56:40Z	0B	0B	0.00%	169
2026-09-29T23:56:42Z	0B	0B	0.00%	169
2026-09-29T23:56:44Z	0B	0B	0.00%	169
2026-09-29T23:56:46Z	0B	0B	0.00%	169
2026-09-29T23:56:48Z	0B	0B	0.00%	169
2026-09-29T23:56:56Z	924.1MiB	2GiB	93.53%	169
2026-09-29T23:56:58Z	0B	0B	0.00%	170
2026-09-29T23:57:00Z	0B	0B	0.00%	170
2026-09-29T23:57:02Z	0B	0B	0.00%	170
2026-09-29T23:57:04Z	0B	0B	0.00%	170
2026-09-29T23:57:06Z	0B	0B	0.00%	170
2026-09-29T23:57:08Z	0B	0B	0.00%	170
2026-09-29T23:57:10Z	0B	0B	0.00%	170
2026-09-29T23:57:12Z	0B	0B	0.00%	170
2026-09-29T23:57:14Z	0B	0B	0.00%	170
2026-09-29T23:57:16Z	0B	0B	0.00%	170
2026-09-29T23:57:18Z	0B	0B	0.00%	170
2026-09-29T23:57:20Z	0B	0B	0.00%	170
2026-09-29T23:57:22Z	0B	0B	0.00%	170
2026-09-29T23:57:24Z	0B	0B	0.00%	170
2026-09-29T23:57:26Z	0B	0B	0.00%	170
2026-09-29T23:57:28Z	0B	0B	0.00%	170
2026-09-29T23:57:30Z	0B	0B	0.00%	170
2026-09-29T23:57:32Z	0B	0B	0.00%	170
2026-09-29T23:57:35Z	0B	0B	0.00%	170
2026-09-29T23:57:37Z	0B	0B	0.00%	170
2026-09-29T23:57:39Z	0B	0B	0.00%	170
2026-09-29T23:57:41Z	0B	0B	0.00%	170
2026-09-29T23:57:43Z	0B	0B	0.00%	170
2026-09-29T23:57:45Z	0B	0B	0.00%	170
2026-09-29T23:57:47Z	0B	0B	0.00%	170
2026-09-29T23:57:49Z	0B	0B	0.00%	170
2026-09-29T23:57:51Z	0B	0B	0.00%	170
2026-09-29T23:57:53Z	0B	0B	0.00%	170
2026-09-29T23:57:55Z	0B	0B	0.00%	170
2026-09-29T23:58:06Z	310.9MiB	2GiB	71.88%	170
2026-09-29T23:58:09Z	620.2MiB	2GiB	78.00%	170
2026-09-29T23:58:12Z	596.8MiB	2GiB	76.42%	170
2026-09-29T23:58:15Z	595.6MiB	2GiB	55.15%	170
2026-09-29T23:58:18Z	0B	0B	0.00%	171
2026-09-29T23:58:21Z	852.5MiB	2GiB	81.06%	171
2026-09-29T23:58:24Z	662.8MiB	2GiB	108.32%	171
2026-09-29T23:58:28Z	0B	0B	0.00%	172
2026-09-29T23:58:31Z	0B	0B	0.00%	173
2026-09-29T23:58:34Z	577.4MiB	2GiB	54.30%	173
2026-09-29T23:58:37Z	323MiB	2GiB	99.22%	174
2026-09-29T23:58:39Z	0B	0B	0.00%	175
2026-09-29T23:58:42Z	552.7MiB	2GiB	119.05%	175
2026-09-29T23:58:44Z	0B	0B	0.00%	176
2026-09-29T23:58:47Z	0B	0B	0.00%	176
2026-09-29T23:58:50Z	500.2MiB	2GiB	70.77%	176
2026-09-29T23:58:52Z	0B	0B	0.00%	177
2026-09-29T23:58:54Z	0B	0B	0.00%	177
2026-09-29T23:58:56Z	0B	0B	0.00%	177
2026-09-29T23:59:01Z	241.8MiB	2GiB	125.50%	177
2026-09-29T23:59:04Z	535.3MiB	2GiB	99.41%	177
2026-09-29T23:59:07Z	474.1MiB	2GiB	0.11%	177
2026-09-29T23:59:10Z	337.1MiB	2GiB	5.09%	177
2026-09-29T23:59:13Z	259.5MiB	2GiB	3.24%	177
2026-09-29T23:59:16Z	232.2MiB	2GiB	0.05%	177
2026-09-29T23:59:20Z	232.2MiB	2GiB	0.00%	177
2026-09-29T23:59:23Z	232.2MiB	2GiB	0.03%	177
2026-09-29T23:59:26Z	232.2MiB	2GiB	1.82%	177
2026-09-29T23:59:29Z	232.2MiB	2GiB	0.02%	177
2026-09-29T23:59:32Z	232.2MiB	2GiB	0.03%	177
2026-09-29T23:59:35Z	232.2MiB	2GiB	0.02%	177
2026-09-29T23:59:38Z	232.2MiB	2GiB	0.00%	177
2026-09-29T23:59:41Z	232.2MiB	2GiB	2.16%	177
2026-09-29T23:59:44Z	232.2MiB	2GiB	0.00%	177
2026-09-29T23:59:47Z	232.2MiB	2GiB	0.01%	177
2026-09-29T23:59:50Z	232.2MiB	2GiB	0.00%	177
2026-09-29T23:59:53Z	232.2MiB	2GiB	0.00%	177
2026-09-29T23:59:56Z	232.2MiB	2GiB	1.79%	177
2026-09-29T23:59:59Z	232.2MiB	2GiB	0.00%	177
2026-09-30T00:00:02Z	232.2MiB	2GiB	0.02%	177
2026-09-30T00:00:05Z	232.2MiB	2GiB	0.00%	177
2026-09-30T00:00:09Z	232.2MiB	2GiB	0.01%	177
2026-09-30T00:00:12Z	232.2MiB	2GiB	2.40%	177
2026-09-30T00:00:15Z	232.2MiB	2GiB	0.01%	177
2026-09-30T00:00:18Z	232.2MiB	2GiB	0.00%	177
2026-09-30T00:00:21Z	232.2MiB	2GiB	0.03%	177
2026-09-30T00:00:24Z	232.2MiB	2GiB	0.07%	177
2026-09-30T00:00:27Z	232.2MiB	2GiB	1.87%	177
2026-09-30T00:00:31Z	232.2MiB	2GiB	0.06%	177
2026-09-30T00:00:34Z	232.2MiB	2GiB	0.05%	177
2026-09-30T00:00:37Z	232.2MiB	2GiB	1.90%	177
2026-09-30T00:00:40Z	232.2MiB	2GiB	0.04%	177
2026-09-30T00:00:43Z	232.2MiB	2GiB	0.06%	177
2026-09-30T00:00:46Z	232.2MiB	2GiB	0.04%	177
